,PC1,PC2
TSH,0.08859814590322393,0.9145989783808365
FT4,0.026928535192173753,-0.39814874946225753
ATA_TPO_log1p,0.9957033807991791,-0.07061361091440455
